,0,1
0,口腔顎面外科,"['1101020018', '1101100011', '401180014', '501110514', '1301200010', '601160016', '101090517', '1101010021', '1301170017', '1101020027', '401020013', '3701092509', '3701103721', '3701105681', '3701183443', '3701113094', '3701192424']"
1,不分科,"['1101020018', '1101100011', '401180014', '501110514', '1301200010', '601160016', '1101010012', '1101160026', '1101160017', '501160014', '1301170017', '3501154493', '3501151161', '3501150066', '3501153263', '3501150477', '3501151849', '3501154279', '3501153567', '3501151698', '3501151018', '3501150995', '3501151894', '3501153281', '3501151714', '3501154626', '3501090663', '3501093011', '3501090869', '3501091642', '3501091688', '3501091786', '3501022218', '3501020858', '350102G083', '3501027133', '3501021579', '350102F620', '350102C905', '3501024829', '3501022496', '3501023340', '3501024954', '3501029351', '3501028845', '3501020830', '350102E678', '3501026109', '3501028596', '350102F700', '350102A698', '350102E481', '350102G234', '350102F719', '350102C389', '3501020000000', '350102D733', '3501022914', '3501022834', '3501029780', '3501029771', '3501029888', '3501029593', '3501028774', '2401020024', '3501109078', '3501104546', '3501109014', '3501108366', '3501107725', '3501107645', '3501103272', '3501108277', '3501105310', '3501109685', '3501101198', '3501102944', '3501101634', '3501103076', '3501103003', '3501104644', '3501107369', '3501108580', '3501104126', '3501101625', '3501107583', '3501108777', '3501107850', '3501108017', '3501104135', '3501105472', '3501108151', '3501109701', '3501103521', '3501104180', '3501109425', '3501108393', '3501108955', '3501107047', '3501180395', '3501186100', '3501186208', '3501183547', '3501181641', '3501185461', '3501184197', '3501186119', '3501186164', '3501181454', '3501185603', '3501185658', '3501181990', '3501184213', '3501185989', '3501181767', '3501180582', '3501185710', '3501183172', '3501111121', '3501114337', '3501113812', '3501113170', '3501110857', '3501113401', '3501113714', '3501114284', '3501110982', '3501112860', '3501112913', '3501113910', '3501110311', '3501110482', '3501112235', '3501110777', '3501113358', '3501113367', '3501114122', '3501202869', '3501200954', '3501201013', '3501201139', '2101200017', '3501201228', '3501202467', '3501201264', '3501200374', '3501203124', '3501202510', '3501200525', '3501200856', '3501161372', '3501162682', '3501160982', '3501163027', '3501163296', '3501161185', '3501163492', '3501160955', '3501161103', '3501160133', '3501162806', '3501160482', '3501010790', '2101010013', '3501010852', '3501013040', '3501013335', '3501015106', '3501010763', '3501013433', '3501014350', '3501013059', '3501013540', '2701010024', '3501175367', '3501173318', '3501171565', '3501170513', '3501172964', '3501171261', '3501173685', '3401171107', '3501171510', '3501174593', '3401171189', '3501173336', '3501171341', '3501170273', '3501174306', '3501172786', '3401171170', '3501175009', '3501170942', '3501175456', '3501174039', '3501175429', '3501175296', '3501174422', '3501174815', '3501173103', '3501174235', '3501120335', '3501122106', '3501120068', '2101120014', '3501120095', '3501120175', '3501121832', '3501194728', '3501196062', '3501190051', '3501192813', '3501195332', '3501195618', '3501190542', '3501194577', '3501195574', '3501192420', '3501194308', '3501192368', '3501194166', '3501192126', '3501195538']"
2,內科,"['1101020018', '1101100011', '401180014', '501110514', '1301200010', '601160016', '1101010012', '101090517', '1101160026', '1101160017', '501160014', '1101010021', '501010019', '1301170017', '901020013', '1101020036', '1501021219', '1101020027', '401020013', '1501101141', '901180023', '1301110511', '1101110026', '1501201020', '701160518', '1501010010', '1401190039', '901190010', '401190010', '1401190011', '3501151965', '3501150744', '3501151438', '3501151778', '3501154608', '3501154199', '3501154260', '3501150182', '3501154251', '3501153496', '3501150208', '3501153656', '3501150735', '3501093057', '3501094090', '3501090814', '3501094072', '3501094081', '3501093468', '3501093600', '3501093271', '3501093851', '3501021480', '350102D135', '350102D564', '3501028029', '3501021104', '3501022843', '350102F513', '3501026609', '350102F719', '350102F022', '350102A189', '4001020028', '3501022745', '3501020910', '350102F835', '3501028701', '3501025719', '4001020019', '350102F657', '3501028416', '3501023457', '3501022754', '3501106988', '3501105936', '3501105856', '2501100010', '3501101849', '3501100995', '3501102622', '3501106111', '3501103905', '3501102766', '3501104322', '3501103281', '3501107314', '3501108811', '3501107985', '3501108599', '3501103790', '3501102328', '3501109130', '3501108875', '3501102364', '3501180395', '3501185685', '3501181614', '4001180029', '4001180010', '3501184384', '2501180018', '3501181981', '3501185425', '3501185916', '3501110142', '3501113769', '3501114177', '3501114104', '3501110973', '3501110231', '3501110268', '3501112299', '3501114006', '3501112851', '3501110026', '3501114202', '3501114024', '3501114391', '3501113572', '4001110018', '3501110080', '3501203428', '3501200301', '3501200972', '3501203222', '3501203320', '3501200338', '3501203268', '3501200534', '3501202912', '3501202725', '3501203151', '3501163429', '3501163303', '3501161238', '3501161032', '3501162824', '3501163394', '3501163081', '3501163465', '3501160099', '3501163125', '3501162959', '3501162879', '3501160937', '3501163536', '3501161176', '3501162486', '3501163116', '3501015017', '3501015026', '3501011313', '3501010414', '3501010870', '3501010307', '3501010932', '3501013068', '3501013040', '3501010763', '3501014243', '3501013326', '3501015053', '3501011466', '3501010049', '3501174093', '3501175269', '2701170052', '3501171412', '3501173783', '3501174137', '3501174708', '3501172893', '3501173836', '3501170246', '3501173390', '3501174360', '2101170050', '3501170497', '3501173005', '3501171654', '3501170924', '3501170915', '3501122071', '3501120157', '3501195761', '3501196053', '3501195136', '3501191441', '3501191003', '3501195270', '3501194595', '3501191852', '3501190328', '3501192402', '3501195823', '3501195289']"
3,牙科,"['1101020018', '1101100011', '401180014', '401180023', '501110514', '1301200010', '601160016', '1101010012', '101090517', '1101160026', '1101160017', '501160014', '1101010021', '501010019', '1301170017', '901020013', '1101020036', '1101020027', '1501100037', '1101110026', '701160518', '1501010010', '901190010', '401190010', '1401190011', '3701157587', '3701150784', '3701156875', '3701151530', '3701151503', '3701157176', '3701150720', '3701157710', '3701157167', '3701157729', '3701151647', '3701151549', '3701157596', '3701157470', '3701150177', '3701151610', '3701156777', '3701157603', '3701150042', '3701150097', '3701157201', '3701157676', '3701156722', '3701151192', '3701150364', '3701150239', '3701151709', '3701157130', '3701157649', '3701150775', '3701156688', '3701150926', '3701157407', '3701157738', '3701150579', '3701150195', '3701157667', '3701150346', '3701156973', '3701150293', '3701156919', '3701151352', '3701157694', '3701157247', '3701150588', '3701150748', '3701150604', '3701151209', '3701157701', '3701151638', '3701150560', '3701151683', '3701157621', '3701150891', '3701157103', '3701157443', '3701156964', '3701150266', '3701151763', '3701156786', '3701157318', '3701156937', '3701150131', '3701157309', '3701157452', '3701156928', '3701150908', '3701157685', '3701151227', '3701157505', '3701156713', '3701150168', '3701156731', '3701150337', '3701150159', '3701157390', '3701151478', '3701150695', '3701157489', '3701150659', '3701157185', '3701150373', '3701156884', '3701151772', '3701151183', '3701150024', '3701156740', '3701157023', '3701151512', '3701150015', '3701156768', '3701157121', '3701157283', '3701151718', '3701156795', '3701157630', '3701150711', '3701150935', '3701150284', '3701150328', '3701150819', '3701151423', '3701157381', '3701150515', '3701151496', '3701151629', '3701157345', '3701150202', '3701151361', '3701157578', '3701157372', '3701150426', '3701151432', '3701157523', '3701150417', '3701151450', '3701150999', '3701150444', '3701150140', '3701157274', '3701150640', '3701157336', '3701090041', '3701090729', '3701092527', '3701090014', '3701090907', '3701092312', '3701092107', '3701091084', '3701090621', '3701092330', '3701090676', '3701090452', '3701090210', '3701090283', '3701090596', '3701090685', '3701090818', '3701090612', '3701092198', '3701090630', '3701092125', '3701091048', '3701090130', '3701092161', '3701090489', '3701092536', '3701090416', '3701090578', '3701090774', '3701092518', '3701092465', '3701090863', '3701092376', '3701090701', '3701090167', '3701092483', '3701090505', '3701090032', '3701092492', '3701090970', '3701092410', '3701090569', '3701090998', '3701090890', '3701090087', '3701092170', '3701090916', '3701092394', '3701092214', '3701092358', '3701092303', '3701092438', '3701090265', '3701090470', '3701092349', '3701092321', '4201090024', '3701090836', '3701090934', '3701027726', '3701028349', '3701028394', '3701020343', '3701027360', '3701024154', '3701023433', '3701027397', '3701021582', '3701022767', '3701021840', '3701026587', '3701027860', '3701022178', '3701021340', '3701026327', '3701025848', '3701028330', '3701025991', '3701020209', '3701027575', '3701023013', '3701027940', '3701028689', '3701021206', '3701021251', '3701027851', '3701020110', '3701026550', '3701028198', '3701028090', '3701026167', '3701028474', '3701028410', '3701024565', '3701022614', '3701027306', '3701028303', '3701026809', '3701021715', '3701024529', '3701028161', '3701024421', '3701024243', '3701025982', '3701026247', '3701027100', '3701020138', '3701023648', '3701026309', '3701027235', '3701021500', '3701027208', '3701028367', '3701024047', '3701022221', '3701025688', '3701022936', '3701021359', '3701023415', '3701025946', '3701021199', '3701022374', '3701028250', '3701027271', '3701021108', '3701021279', '3701024332', '3701027548', '3701026701', '3701023193', '3701020727', '3701021706', '3701023120', '3701028465', '3701028518', '3701022052', '3701027593', '3701024396', '3701026443', '3701026292', '3701022552', '3701027584', '3701027182', '3701027119', '3701026916', '3701023924', '3701028634', '3701022294', '3701026961', '3701025722', '3701022409', '3701028545', '3701027299', '3701020736', '3701026578', '3701026103', '3701020610', '3701021000', '3701024476', '3701028063', '3701022481', '3701022507', '3701027913', '3701022785', '3701026489', '3701022427', '3701022383', '3701028661', '3701021162', '3701027888', '3701021055', '3701028509', '3701028456', '3701022105', '3701026649', '3701027502', '3701028670', '3701026416', '3701024190', '3701022810', '3701027413', '3701028107', '3701023353', '3701028027', '3701020987', '3701023693', '3701021519', '3701026381', '3701028054', '3701027655', '3701027388', '3701028401', '3701028607', '3701023568', '3701026096', '3701027315', '3701026863', '3701026112', '3701024510', '3701028447', '3701028483', '3701024412', '3701028590', '3701024314', '3701027128', '3701020067', '3701021617', '3701024216', '3701027753', '3701027986', '3701028625', '3701027842', '3701024001', '3701020058', '3701026756', '3701020405', '3701020576', '3701022678', '3701027342', '3701023782', '3701026318', '3701026603', '3701022365', '3701021868', '3701022392', '3701027780', '3701022203', '3701026729', '3701026738', '3701028116', '3701027995', '3701027600', '3701026461', '3701021484', '3701026014', '3701027708', '3701026943', '3701023755', '3701027628', '3701021046', '3701026812', '3701028018', '3701021822', '3701026676', '3701025697', '3701027646', '3701028312', '3701028287', '3701022249', '3701020503', '3701028572', '3701027520', '3701022543', '3701025839', '3701020674', '3701025866', '3701028385', '3701023915', '3701023746', '3701022963', '3701026612', '3701020683', '3701028376', '3701026194', '3701020996', '3701023004', '3701020843', '3701028009', '3701027137', '3701028170', '3701028036', '3701026872', '3701023933', '3701022945', '3701022749', '3701026845', '3701026881', '3701026354', '3701028072', '3701021411', '3701023577', '3701020790', '3701027191', '3701020049', '3701027244', '3701021215', '3701027011', '3701022329', '3701028241', '3701028134', '3701027824', '3701028045', '3701028429', '3701028438', '3701028563', '3701028652', '3701028643', '3701023808', '3701027262', '3701023657', '3701022338', '3701020638', '3701022641', '3701025768', '3701025679', '3701028527', '3701026783', '3701027459', '3701027664', '3701022276', '3701022589', '3701023031', '3701023111', '3701021911', '3701023844', '3701020094', '3701027977', '3701027799', '3701023700', '3701026523', '3701027959', '3701022883', '3701027922', '3701026452', '3701026336', '3701028698', '3701023166', '3701020156', '3701020709', '3701024270', '3701020316', '3701020585', '3701027637', '3701022310', '3701028296', '2401020024', '3701026130', '3701023460', '3701100426', '3701103758', '3701103052', '3701100668', '3701103374', '3701105770', '3701105725', '3701105627', '3701104942', '3701105298', '3701103347', '3701103669', '3701104988', '3701103169', '3701101290', '3701103516', '3701105618', '3701100015', '3701102582', '3701101030', '3701103749', '3701104193', '3701105038', '3701102108', '3701100088', '3701100337', '3701105270', '3701104979', '3701100784', '2501100029', '3701103472', '3701103696', '3701105421', '3701103409', '3701103445', '3701103294', '3701105396', '3701104826', '3701103632', '3701102608', '3701103552', '3701104040', '3701103178', '3701103810', '3701100766', '3701103383', '3701103418', '3701105494', '3701100962', '3701105716', '3701105074', '3701100631', '3701105556', '3701101325', '3701105789', '3701104915', '3701103909', '3701105458', '3701100542', '3701105476', '3701100122', '3701105350', '3701103883', '3701105261', '3701103892', '3701100104', '3701103874', '3701102920', '3701105243', '3701101861', '3701102699', '3701105449', '3701102957', '3701103481', '3701103981', '3701104157', '3701101156', '3701100024', '3701105752', '3701101996', '3701103614', '3701102626', '3701103561', '3701100597', '3701100980', '3701105314', '3701105047', '3701102091', '3701103525', '3701103230', '3701105690', '3701101432', '3701105654', '3701104031', '3701103712', '3701103954', '3701101076', '3701100926', '3701105529', '3701100417', '3701100293', '3701105734', '3701100364', '3701103927', '3701105323', '3701101094', '3701105672', '3701103043', '3701100435', '3701105645', '3701105636', '3701100891', '3701105127', '3701105216', '3701105387', '3701105485', '3701103098', '3701100819', '3701105403', '3701100079', '3701104933', '3701105190', '3701103650', '3701105001', '3701103463', '3701101405', '3701105430', '3701105234', '3701104899', '3701100220', '3701100408', '3701101450', '3701103598', '3701100202', '3701102180', '3701101343', '3701101183', '3701101487', '3701100480', '3701105538', '3701105743', '3701105592', '3701100060', '3701100855', '3701105467', '3701103338', '3701105707', '3701104120', '3701103187', '3701101521', '3701100140', '3701105145', '3701100499', '3701102975', '3701100471', '3701103918', '3701102644', '3701100739', '3701105663', '3701105163', '3701100917', '3701104880', '3701101254', '3701105378', '3701101218', '3701105501', '3701101423', '3701100211', '3701104924', '3701183792', '3701181341', '3701181743', '3701183407', '3701181467', '3701181583', '3701183514', '3701183649', '4001180010', '3701183390', '3701180031', '3701180282', '3701180317', '3701181681', '3701183238', '3701180264', '3701180657', '3701183112', '3701183050', '3701183747', '3701181725', '3701183854', '3701183425', '3701182982', '3701183836', '3701183032', '3701183452', '3701183167', '3701180595', '3701180166', '3701181449', '3701180460', '3701181761', '3701181190', '3701183176', '3701183363', '3701183505', '3701180693', '3701181636', '3701183596', '3701181010', '3701183201', '3701183818', '3701180237', '3701180344', '3701183863', '3701181083', '3701180255', '3701180586', '3701183489', '3701180111', '3701180157', '3701183685', '3701183443', '3701183845', '3701180497', '3701183774', '3701183229', '3701183603', '2501180018', '3701183630', '3701181305', '3701180773', '3701182955', '3701183765', '3701180915', '3701183872', '3701183783', '3701181485', '3701180200', '3701183274', '3701180611', '3701183809', '3701180120', '3701180880', '3701181163', '3701183461', '3701183532', '3701181172', '3701181065', '3701180442', '3701183701', '3701183569', '3701183470', '3701180362', '3701181458', '3701183005', '3701181261', '3701181270', '3701182848', '3701183578', '3701183658', '3701183069', '3701183541', '3701183292', '3701180684', '3701181154', '3701183676', '3701183827', '3701180700', '3701183667', '3701183756', '3701183694', '3701183738', '3701112739', '3701110735', '3701112408', '3701112800', '3701112999', '3701111036', '3701110780', '3701112426', '3701112300', '3701110299', '3701112908', '3701110986', '3701112266', '3701113049', '3701113067', '3701112873', '3701110511', '3701110664', '3701110137', '3701110897', '3701110575', '3701113030', '3701110968', '3701112417', '3701110762', '3701110502', '3701112122', '3701112748', '3701111027', '3701112579', '3701110842', '3701112211', '3701112855', '3701110333', '3701110995', '3701113147', '3701110959', '3701112971', '3701110342', '3701112935', '3701110771', '3701112597', '3701112113', '3701112640', '3701110253', '3701112337', '3701112373', '3701112711', '3701112766', '3701112775', '3701113101', '3701110164', '3701112622', '3701112686', '3701110155', '3701110280', '3701112953', '3701110753', '3701112453', '3701110851', '3701112382', '3701112560', '3701113129', '3701112177', '3701113138', '3701111009', '3701112293', '3701110226', '3701112319', '3701112391', '3701112079', '3701110913', '3701112131', '3701112346', '3701110833', '3701112444', '3701112104', '3701110262', '3701112757', '3701112631', '3701112202', '3701112944', '3701112668', '3701110539', '3701113110', '3701112248', '3701113156', '3701110191', '3701110548', '3701112864', '3701110324', '3701110397', '3701113021', '3701110600', '3701110093', '3701112793', '3701113012', '3701110182', '3701112702', '3701110646', '3701112819', '3701112471', '3701112499', '3701110020', '3701202694', '3701200716', '3701200092', '3701202194', '3701200645', '3701201124', '3701202336', '3701202523', '3701200047', '3701200789', '3701202550', '3701202176', '3701200225', '3701202149', '3701200547', '3701202596', '3701202667', '3701202676', '3701202541', '3701200154', '3701200814', '3701200958', '3701202505', '3701202587', '3701200912', '3701200010', '3701201062', '3701201115', '3701200921', '3701202309', '3701200207', '3701202630', '3701202532', '3701202354', '3701202612', '3701200887', '3701200985', '3701202274', '4101200019', '3701200878', '3701202363', '3701202201', '3701200949', '3701200449', '3701200770', '3701200539', '3701202498', '3701200172', '3701202425', '3701200903', '3701202238', '3701200734', '3701201026', '3701200896', '3701200109', '3701202578', '3701200976', '3701200609', '3701202381', '3701202603', '3701202130', '3701202345', '3701202514', '3701202407', '3701202265', '3701202685', '3701201099', '3701200314', '3701201080', '3701201008', '3701202470', '3701200387', '3701200378', '3701202489', '3701200289', '3701200574', '3701200636', '3701162186', '3701161045', '3701160459', '3701160879', '3701160664', '3701160593', '3701162257', '3701160404', '3701162051', '3701162328', '3701162551', '3701160495', '3701160888', '3701162471', '3701160066', '3701160155', '3701162533', '3701162408', '3701162097', '3701160048', '3701160995', '3701160637', '3701162319', '3701160351', '3701162195', '3701162588', '3701162122', '3701160842', '3701161027', '3701160682', '3701160262', '3701162275', '3701161036', '3701160164', '3701162462', '3701160315', '3701162293', '3701160217', '3701160271', '3701160646', '3701162346', '3701160753', '3701160226', '3701162202', '3701160182', '3701162079', '3701162211', '3701162542', '3701162248', '3701162480', '3701162220', '3701160780', '3701162426', '3701160806', '3701162364', '3701162524', '3701160735', '3701160539', '3701160084', '3701162560', '3701160673', '3701160020', '3701162355', '3701160128', '3701162337', '3701161018', '3701160397', '3701162391', '3701162373', '3701160913', '3701162382', '3701161054', '3701162579', '3701011273', '3701010105', '3701013188', '3701010249', '3701013517', '3701011899', '3701010043', '3701013599', '3701011924', '3701011068', '3701011157', '3701013606', '3701010534', '3701014050', '3701014112', '3701014032', '3701014005', '3701013802', '3701010374', '3701011522', '3701011764', '3701010294', '3701010276', '3701013624', '3701011933', '3701013142', '3701010785', '3701011479', '3701013428', '3701010436', '3701013955', '3701011693', '3701012065', '3701011773', '3701011139', '3701013348', '3701010169', '3701014121', '3701010605', '3701010061', '3701013268', '3701014149', '3701011951', '3701013580', '3701013679', '3701013660', '3701010963', '3701011317', '3701014158', '3701010945', '3701013777', '3701011013', '3701011200', '3701011371', '3701010570', '3701011997', '3701011988', '3701013731', '3701013848', '3701012038', '3701010203', '3701011086', '3701010776', '3701010178', '3701013320', '3701011808', '3701011184', '3701013213', '3701014078', '3701013240', '3701013133', '3701010114', '3701010034', '3701013508', '3701011728', '3701014103', '3701011979', '3701010230', '3701011148', '3701013491', '3701010285', '3701010212', '3701013964', '3701011915', '3701013740', '3701013151', '3701010829', '3701010196', '3701014130', '3701013811', '3701013973', '3701011791', '3701011228', '3701010507', '3701010598', '3701011308', '3701010543', '3701013820', '3701013759', '3701010383', '3701013553', '3701013473', '3701013106', '3701013526', '3701010990', '3701011835', '3701014167', '3701013544', '3701013875', '3701011862', '3701011022', '3701010472', '3701013419', '3701013900', '3701011817', '3701010070', '3701012001', '3701011399', '3701013562', '3701014096', '3701010810', '3701013713', '3701011513', '3701010123', '3701014087', '3701011666', '3701170222', '3701173670', '3701170633', '3701171603', '3701173750', '3701173947', '3701170240', '3701170740', '3701172913', '3701170348', '3701173849', '3701170106', '3701171130', '3701170508', '3701170580', '3701170839', '3701173769', '3701173705', '3701170419', '3701173901', '3701173107', '3701171265', '3701171210', '3701172879', '3701170973', '3701173796', '3701171309', '3701173625', '3701173367', '3701173616', '3701172977', '3701173189', '3701173312', '3701171792', '3701170197', '3701171710', '3701173278', '3701173929', '3701173983', '3701170759', '3701173778', '3701170053', '3701170302', '3701173741', '3701170400', '3701173232', '3701173821', '3701173689', '3701173723', '3701170428', '3701170339', '3701170642', '3701171818', '3701173429', '3701171194', '3701173116', '3701172931', '3701173876', '3701170099', '3701170571', '3701170964', '3701170295', '3701170231', '3701173545', '3701173438', '3701173483', '3701173090', '3701173590', '3701173036', '3701172986', '3701173965', '3701173910', '3701170900', '3701171167', '3701173509', '3701170133', '3701173803', '3701171336', '3701171201', '3701171541', '3701173143', '2101170050', '3701173732', '3701173938', '3701170544', '3701171658', '3701171103', '3701171854', '3701173787', '3701173018', '3701170660', '3701170713', '3701173394', '3701173858', '3701171274', '3701173349', '3701170311', '3701170795', '3701171096', '3701171667', '3701173867', '3701171256', '3701170937', '3701173401', '3701170893', '3701171470', '3701170160', '3701173492', '3701173554', '3701120302', '3701120044', '3701121587', '3701120339', '3701120455', '3701120035', '3701121845', '3701121569', '3701120482', '3701121685', '3701120062', '3701121881', '3701120428', '3701120197', '3701121578', '3701121729', '3701121649', '3701121630', '3701120268', '3701120222', '3701121836', '3701120017', '3701120106', '3701121676', '3701121872', '3701120320', '3701121667', '3701121550', '3701121596', '3701121863', '3701121694', '3701121907', '3701121890', '3701192095', '3701192193', '3701190537', '3701190760', '3701192077', '3701190251', '3701190028', '3701190260', '3701192460', '3701192488', '3701192424', '3701190475', '3701190359', '3701192068', '3701190564', '3701192308', '3701190411', '3701192291', '3701192451', '3701192102', '3701190402', '3701190868', '3701190279', '3701192497', '3701192086', '3701190500', '3701190153', '3701190224', '3701190395', '3701192362', '3701192344', '3701192504', '3701190840', '3701190528', '3701190555', '3701190386', '3701190484', '3701192513', '3701190573', '3701190724', '3701190466', '3701190108', '3701190135', '3701190082', '3701190591', '3701192380', '3701192399', '3701190742', '3701192415', '3701192059', '3701190779', '3701192479', '3701190377', '3701190117', '3701190215', '3701192371', '3701192326', '3701190680', '3701190715']"
4,牙髓病科,"['1101020018', '1101100011', '401180014', '501110514', '1301200010', '601160016', '1301170017', '1701110019']"
5,外科,"['1101020018', '1101100011', '1101100020', '401180014', '401180023', '501110514', '1301200010', '601160016', '1101010012', '101090517', '1101160026', '1101160017', '1101010021', '501010019', '1301170017', '901020013', '1101020036', '1101020027', '401020013', '901180023', '1301110511', '1101110026', '1501201020', '1501010010', '1401190039', '901190010', '1401190011', '3501154500', '3501154242', '3501154082', '3501091508', '350102F844', '3501025139', '3501026136', '3501021060', '4001020028', '350102F157', '3501027704', '350102E534', '3501106988', '3501103076', '3501108811', '3501103790', '3501107501', '3501106291', '4001180010', '2501180018', '3501181990', '3501113750', '3501112324', '3501113232', '3501113858', '4001110018', '3501110080', '3501200614', '3501161238', '3501162502', '3501011322', '3501170442', '3501175376', '3501121994', '3501194657', '3501194291']"
6,皮膚科,"['1101020018', '1101100011', '1101100020', '401180014', '501110514', '1301200010', '601160016', '1101010012', '101090517', '1101160017', '1101010021', '501010019', '1301170017', '901020013', '1501021219', '1101020027', '401020013', '901180023', '1501010010', '901190010', '401190010', '1401190011', '3501151689', '3501151312', '3501151394', '3501151090', '3501153781', '3501153969', '3501151125', '3501153576', '3501154215', '3501151232', '3501153709', '3501093253', '3501093799', '3501093226', '3501090798', '3501093977', '3501025504', '3501026592', '3501022843', '3501025433', '3501029986', '350102A965', '350102A170', '3501025960', '3501026029', '3501025111', '3501028970', '4001020028', '3501022316', '350102G127', '3501025988', '3501101849', '3501104322', '3501109005', '3501104117', '3501106479', '3501107109', '3501103370', '3501108517', '3501108795', '3501109327', '4001180010', '3501185247', '3501185541', '3501184222', '3501185863', '3501113867', '3501113974', '3501112548', '3501113312', '3501110508', '3501112762', '3501112971', '3501112897', '4001110018', '3501203446', '3501201040', '3501203008', '3501202501', '3501163349', '3501160820', '3501162799', '3501161121', '3501162977', '3501162735', '3501163143', '3501163134', '3501162584', '3501163590', '3501011331', '3501012838', '3501012794', '3501011439', '3501013602', '3501014449', '3501013835', '3501012712', '3501175358', '3501174486', '3501173210', '3501174842', '3501170826', '3501174726', '3501171663', '3501174904', '3501121878', '3501120362', '3501195903', '3501195627']"
7,耳鼻喉科,"['1101020018', '1101100011', '1101100020', '401180014', '501110514', '1301200010', '601160016', '1101010012', '101090517', '1101160026', '1101160017', '1101010021', '501010019', '1301170017', '1101020036', '1101020027', '401020013', '1301110511', '1101110026', '1501010010', '901190010', '401190010', '1401190011', '3501152006', '3501150413', '3501154546', '3501150977', '3501150226', '3501153272', '3501154420', '3501151901', '3501151983', '3501151830', '3501151590', '3501154215', '3501151269', '3501151054', '3501093806', '3501093913', '3501091491', '3501091660', '3501091759', '3501093093', '3501093940', '3.50102E+217', '3501021319', '3501023555', '3501025479', '3501022361', '3501022370', '3501022647', '3501023537', '3501021711', '3501026225', '3501027884', '3501020581', '3501022825', '350102F719', '350102A107', '3501021659', '3501020974', '3501020161', '3501026716', '3501022138', '350102C889', '3501022610', '3501106102', '3501101769', '3501101787', '3501101849', '3501103334', '3501108482', '3501105445', '3501105543', '3501104322', '3501104304', '3501103361', '3501102560', '3501103414', '3501103665', '3501108535', '3501102720', '3501181016', '3501185827', '4001180010', '3501181534', '3501181945', '3501180966', '3501181918', '3501183789', '3501183056', '3501183592', '3501111167', '3501113072', '3501113330', '3501114113', '3501112315', '3501113321', '3501110928', '3501113456', '3501112904', '3501112771', '3501110679', '3501113778', '3501110455', '4001110018', '3501201237', '3501203259', '3501203357', '3501202654', '3501202323', '3501200785', '3501200927', '3501200525', '3501200329', '3501202949', '3501203179', '3501160455', '3501163438', '3501162931', '3501161505', '3501162673', '3501160231', '3501160544', '3501163312', '3501161121', '3501160311', '3501161363', '3501163563', '3501160731', '3501014976', '3501010834', '3501012838', '3501010692', '3501010209', '3501010754', '3501014823', '3501014225', '3501010227', '3501010478', '3501011199', '3501013282', '3501014743', '3501010012', '2701170052', '3501174806', '3501170380', '3501170255', '3501171172', '3501173032', '3501175465', '3501172848', '3501171270', '3501173569', '3501170979', '3501173416', '3501121583', '3501122044', '3501122124', '3501121636', '3501122179', '3501120451', '3501121538', '3501120200', '3501121912', '3501190426', '3501192224', '3501196071', '3501192162', '3501194648', '3501194497', '3501194602', '3501195869', '3501192804', '3501194237', '3501192144']"
8,兒科,"['1101020018', '1101100011', '1101100020', '401180014', '401180023', '501110514', '1301200010', '601160016', '1101010012', '101090517', '1101160026', '1101160017', '1101010021', '501010019', '1301170017', '901020013', '1101020036', '1101020027', '1501100037', '1301110511', '1101110026', '1501010010', '901190010', '401190010', '3501150744', '3501153665', '3501151358', '3501154519', '3501154564', '3501154180', '3501154528', '2101150012', '3501150182', '3501151401', '3501150422', '3501150388', '3501151901', '3501151974', '3501153745', '3501150208', '3501151938', '3501153478', '3501154475', '3501150806', '3501090814', '2101090011', '3501093299', '3501093968', '3501090458', '3501027491', '2101020019', '3501028050', '350102F906', '3501022843', '3501029922', '3501021006', '3501021391', '350102F184', '3501025648', '3501021720', '3501029628', '350102F166', '4001020028', '3501020625', '3501024918', '3501020910', '350102B364', '350102C576', '3501022727', '3501100182', '3501105767', '3501101849', '3501100995', '3501107565', '3501103585', '3501100217', '3501104091', '3501108008', '2101100227', '3501100815', '3501100986', '3501105123', '3501103503', '3501103665', '3501180395', '3501180420', '3501181267', '2101180038', '3501185774', '3501181810', '3501184731', '3501184393', '3501110188', '3501110142', '3501113134', '3501110240', '3501111032', '3501113929', '3501113750', '3501110268', '3501114186', '3501110286', '3501111069', '3501110811', '3501110026', '3501110571', '3501112815', '3501110115', '4001110018', '3501200301', '3501202743', '3501203080', '3501202592', '3501202636', '3501200338', '3501200534', '3501202458', '3501200794', '3501200963', '3501201095', '3501201004', '3501163170', '3501161032', '3501160973', '3501162940', '3501160099', '3501163036', '3501163241', '3501163232', '3501163072', '3501013031', '3501011493', '3501010414', '3501010307', '3501010263', '3501011500', '3501015213', '3501010816', '3501013068', '3501013040', '3501010987', '3501010763', '3501011260', '3501010012', '3501010736', '3501015035', '3501010049', '3501172857', '3501170835', '3501170246', '3501173327', '3501171207', '3501171010', '3501170497', '3501171716', '3501170924', '3501173425', '3501121725', '3501120228', '3501121627', '3501122142', '3501121814', '3501194451', '3501192251', '3501192608', '3501194835', '3501191441', '3501194657', '3501190168', '3501191003', '3501190328', '3501192402', '3501194424']"
9,兒童牙科,"['1101020018', '1101100011', '401180023', '1301200010', '601160016', '1101010012', '1301170017']"
10,放射診斷科,"['1101020018', '1101100011', '1101100020', '401180014', '401180023', '501110514', '1301200010', '601160016', '101090517', '1101160017', '1301170017', '901020013', '401020013', '1501101141', '901180023', '1101110026', '1501201020', '701160518', '901190010', '1401190011']"
11,放射腫瘤科,"['1101020018', '1101100011', '401180014', '501110514', '1301200010', '601160016', '1101010012', '101090517', '1101160017', '1301170017', '901020013', '401020013']"
12,泌尿科,"['1101020018', '1101100011', '401180014', '501110514', '1301200010', '601160016', '1101010012', '101090517', '1101160026', '1101160017', '1101010021', '501010019', '1301170017', '901020013', '1101020036', '1101020027', '401020013', '901180023', '1301110511', '1101110026', '1501010010', '901190010', '3501027482', '4001020028', '3501104322', '4001110018', '3501175376']"
13,急診醫學科,"['1101020018', '1101100011', '401180014', '501110514', '1301200010', '601160016', '1101010012', '101090517', '1101160017', '1101010021', '501010019', '1301170017', '1101110026', '1501010010', '901190010', '3501185676', '3501162502']"
14,家醫科,"['1101020018', '1101100011', '401180014', '501110514', '1301200010', '601160016', '1101010012', '101090517', '1101160017', '501160014', '1101010021', '501010019', '1301170017', '901020013', '1101020036', '1101020027', '1501101141', '1301110511', '1101110026', '1501201020', '701160518', '1501010010', '901190010', '401190010', '1401190011', '3501150548', '3501151438', '3501153370', '3501150708', '3501151358', '3501151376', '3501154448', '2101150012', '3501151661', '3501150422', '3501150388', '3501150575', '3501151750', '3501153745', '3501154215', '3501151054', '3501154288', '3501090172', '3501093584', '3501090814', '3501092890', '3501091017', '3501091133', '3501093539', '3501093557', '3501093048', '3501021480', '350102E445', '350102C772', '3501029931', '2101020019', '3501029922', '350102F184', '3501028649', '3501021720', '3501025433', '350102E972', '350102F719', '3501023199', '4001020028', '350102F157', '3501020625', '3501022745', '3501025086', '3501025246', '3501025719', '4001020019', '3501025077', '2401020024', '3501028210', '3501106988', '3501100182', '3501102953', '3501101385', '3501101849', '3501100995', '3501103334', '3501106166', '3501106559', '3501101634', '3501100413', '3501107538', '3501106782', '3501104742', '3501101625', '3501100986', '3501103978', '3501106264', '3501108606', '3501107574', '3501109532', '3501186011', '3501180420', '3501181589', '3501185676', '3501185961', '3501183850', '2501180018', '3501181258', '3501183538', '3501113849', '3501110188', '3501113090', '3501112324', '2101110027', '3501110231', '3501114328', '3501114300', '3501113410', '3501114042', '4001110018', '3501110080', '3501203428', '3501200570', '3501203259', '3501202823', '3501202798', '3501201219', '3501203106', '3501200249', '3501202967', '3501200614', '3501200703', '3501200623', '3501160286', '3501160866', '3501161238', '3501163269', '3501160982', '3501163018', '3401160014', '3501161363', '3501160991', '3501162664', '3501160204', '3501163509', '2101161033', '3501162717', '3501163545', '3501015188', '3501011037', '3501010307', '3501010263', '3501013157', '3501010094', '3501015133', '3501010763', '3501014476', '2701171068', '3501173505', '3501175447', '3501175492', '3501171225', '3501173863', '3501172893', '3501175385', '3501172857', '3501170059', '2101170050', '3501175223', '3501121725', '3501122044', '3501121823', '3501122188', '3501121592', '3501120157', '3501120095', '3501121743', '3501120353', '3501195690', '2101191068', '3501192528', '3501194657', '3501195038', '3501192420', '3501192537', '3501190560', '3501195234', '3501191852', '3501192733']"
15,核子醫學科,"['1101020018', '1101100011', '401180014', '501110514', '1301200010', '601160016', '1101010012', '101090517', '1101160026', '1101160017', '1301170017', '401020013']"
16,神經外科,"['1101020018', '1101100011', '1101100020', '401180014', '501110514', '1301200010', '601160016', '1101010012', '101090517', '1101160026', '1101160017', '1101010021', '501010019', '1301170017', '901020013', '1101020036', '1101020027', '1301110511', '901190010']"
17,神經科,"['1101020018', '1101100011', '401180014', '501110514', '1301200010', '601160016', '1101010012', '101090517', '1101160026', '1101160017', '1101010021', '501010019', '1301170017', '901020013', '1101020036', '1101020027', '901180023', '1301110511', '1101110026', '701160518', '1501010010', '901190010', '401190010', '1401190011', '3501093897', '3501027624', '3501022843', '4001020028', '3501101803', '3501105785', '4001180010', '4001110018', '3501203384', '3501160937', '3501013497', '3501174726', '3501196044']"
18,骨科,"['1101020018', '1101100011', '1101100020', '401180014', '501110514', '1301200010', '601160016', '1101010012', '101090517', '1101160017', '1101010021', '501010019', '1301170017', '901020013', '1101020036', '1101020027', '901180023', '1301110511', '1101110026', '1501201020', '1501010010', '901190010', '1401190011', '3501153870', '3501154500', '3501153996', '3501154377', '3501154653', '3501154082', '3501028747', '350102B579', '3501026556', '3501021060', '350102F157', '350102E838', '350102B793', '3501104331', '3501101849', '3501105785', '3501109765', '3501107547', '3501107501', '4001180010', '3501113992', '3501113232', '3501114202', '4001110018', '3501110080', '3501203375', '3501163287', '3501163572', '3501163018', '3501013497', '3501015142', '3501014145', '3501011322', '3501174477', '3501174502', '3501121994', '3501121716', '3501195814', '3501194657', '3501194291']"
19,婦產科,"['1101020018', '1101100011', '401180014', '501110514', '1301200010', '601160016', '1101010012', '101090517', '1101160026', '1101160017', '1101010021', '501010019', '1301170017', '901020013', '1101020036', '1501021219', '1101020027', '1501100037', '1301110511', '1101110026', '1501010010', '901190010', '401190010', '1401190011', '3501153138', '3501154564', '3501150066', '3501151634', '3501150039', '3501151465', '3501154377', '2101090011', '3501093968', '3501093600', '3501092989', '3501021640', '3501027188', '3501021855', '3501026314', '3501028078', '3501020714', '3501023260', '3501023519', '3501027660', '3501027562', '3501020054', '3501022638', '350102F595', '350102D555', '350102F317', '3501023322', '350102F684', '350102F728', '350102F166', '350102B319', '3501023500', '3501020143', '3501021239', '4001020037', '3501026396', '350102B364', '3501023359', '3501025077', '3501025764', '3501101385', '3501101492', '3501101849', '3501103478', '3501107565', '3501100057', '3501101198', '3501100888', '3501103003', '3501108008', '3501109407', '3501108759', '3501103781', '3501100815', '3501106997', '4001180010', '3501181589', '3501183083', '3501185774', '3501185756', '3501184731', '3501110017', '3501113929', '3501113750', '3501112520', '3501112762', '3501110937', '3501110473', '4001110018', '3501200490', '3501202618', '3501202538', '3501161461', '3501160982', '3501160302', '3501010683', '3501010058', '3501014323', '3501170317', '3501171743', '3501170237', '3501121770', '3501120353', '3501194568', '3501192582', '3501192528', '3501192779', '3501190560']"
20,眼科,"['1101020018', '1101100011', '1101100020', '401180014', '501110514', '1301200010', '601160016', '1101010012', '101090517', '1101160026', '1101160017', '1101010021', '501010019', '1301170017', '901020013', '1101020036', '1101020027', '401020013', '901180023', '1501010010', '901190010', '401190010', '1401190011', '3501153129', '3501151643', '3501151652', '3501153895', '3501153692', '3501153512', '3501153594', '3501154591', '3501154091', '3501151670', '3501151607', '3501091508', '3501091142', '3501091302', '350102E892', '3501025791', '3501020232', '3501021382', '350102D797', '3501024641', '350102D948', '3501027580', '3501023199', '350102F899', '350102C487', '4001020028', '3501022469', '350102F175', '350102F871', '350102D117', '3501022478', '3501101214', '3501101849', '3501108893', '3501107707', '3501109176', '3501106246', '3501103076', '3501103549', '3501103058', '3501102971', '3501186048', '4001180010', '3501185907', '3501183903', '3501185194', '3501185112', '3501112806', '3501113269', '3501113303', '3501110688', '3501111005', '3501114257', '3501112655', '3501112735', '3501114373', '3501113081', '4001110018', '3501112780', '3501201157', '3501202378', '3501203302', '3501202270', '3501200838', '3501201086', '3501202645', '3501200623', '3501202949', '3501203311', '3501202298', '3501160464', '3501162726', '3501160900', '3501163554', '3501162628', '3501163385', '3501162637', '2101161033', '3501163330', '3501011340', '3501010530', '3501013559', '3501012589', '3501014047', '3501014930', '3501014636', '3501011144', '3501013273', '3501012990', '3501171145', '3501173041', '3501173050', '3501173176', '3501173514', '3501175278', '3501170899', '3501175090', '3501122080', '3501120255', '3501192519', '3501195592', '3501191549', '3501195976', '3501194924', '3501195663', '3501195449']"
21,麻醉科,"['1101020018', '1101100011', '1101100020', '401180014', '401180023', '501110514', '1301200010', '601160016', '1101010012', '101090517', '1101160026', '1101160017', '1101010021', '501010019', '1301170017', '901020013', '1101020036', '1101020027', '401020013', '901180023', '1301110511', '1101110026', '1501201020', '1501010010', '901190010', '401190010', '350102F157', '350102B364', '3501113929', '3501113750']"
22,復健科,"['1101020018', '1101100011', '1101100020', '401180014', '401180023', '501110514', '1301200010', '601160016', '1101010012', '101090517', '1101160026', '1101160017', '1101010021', '501010019', '1301170017', '901020013', '1101020036', '1101020027', '401020013', '1501101141', '901180023', '1301110511', '1101110026', '1501201020', '701160518', '1501010010', '1401190039', '901190010', '401190010', '1401190011', '3501153030', '3501154617', '3501153870', '3501154635', '3501154402', '3501154206', '3501154297', '3501093717', '3501094054', '3501093708', '2101090011', '350102F693', '350102F844', '3501022843', '3501025906', '350102F531', '3501025255', '350102C147', '3.50102E+030', '350102F424', '3501028201', '350102F719', '4001020028', '350102F157', '3.50102E+075', '3501027213', '3501025380', '350102D519', '3501108213', '3501103567', '3501106166', '3501106906', '3501107458', '3501105105', '3501105703', '3501107298', '3501109309', '3501108562', '3501186182', '4001180010', '3501185694', '3501185372', '2501180018', '3501185934', '3501114079', '3501113965', '3501113063', '3501113018', '3501110802', '3501112477', '3501113581', '3501113036', '4001110018', '3501114355', '3501201120', '3501203419', '3501201031', '3501202485', '3501202850', '3501202985', '3501203339', '3501161149', '3501161238', '3501163474', '3501163572', '3501163483', '3501160991', '3501163527', '2101161033', '3501014270', '3501013237', '3501014878', '3501013120', '3501014154', '3501014092', '3501015197', '3501014172', '3501173149', '3501173970', '3501175438', '3501174539', '3501174968', '3501174753', '3501175045', '3501175018', '3501121716', '3501122099', '3501122115', '3501195369', '3501195690', '3501194657', '3501195636']"
23,解剖病理科,"['1101020018', '1101100011', '401180014', '501110514', '1301200010', '601160016', '101090517', '1101160017', '501010019', '1301170017', '401020013', '4501100021', '4201180023']"
24,精神科,"['1101020018', '1101100011', '1101100020', '401180014', '401180023', '501110514', '1301200010', '601160016', '1101010012', '101090517', '1101160026', '1101160017', '501160014', '1101010021', '501010019', '1301170017', '1101020027', '401020013', '1301110511', '701160518', '1501010029', '1501010010', '901190010', '3501153825', '3501154359', '3501154288', '3501093619', '3501021480', '350102E909', '350102B766', '3501026869', '3.50102E+039', '350102F737', '350102C530', '3501029128', '4001020028', '3501025915', '350102B300', '3501029619', '350102A009', '3501100182', '3501106666', '3501105221', '3501106059', '3501109210', '3501106782', '3501108320', '3501108526', '3501108053', '4001180010', '3501186066', '3501184946', '3501185210', '3501185952', '3501184973', '3501114248', '3501113090', '3501114015', '3501113116', '3501114097', '4001110018', '3501203115', '3501203393', '3501163250', '3501163410', '3501163518', '3501015017', '3501014574', '3501013282', '3501014734', '3501174495', '3501174520', '3501173907', '3501174548', '3501122133', '3501195832', '3501196008']"
25,齒顎矯正科,"['1101020018', '1101100011', '401180014', '501110514', '1301200010', '601160016', '1101010012', '1301170017', '3701157765', '3701157541', '3701028616', '3701183621', '3701113094', '3701202658', '3701013982']"
26,整形外科,"['1101020018', '1101100011', '401180014', '501110514', '1301200010', '601160016', '1101010012', '101090517', '1101160026', '1101160017', '1101010021', '1301170017', '901020013', '350102C183', '350102C978', '3501026501', '350102B579', '3501028809', '3501027679', '3501107761', '3501106004', '4001110018', '3501200927', '3501013835', '3501175287']"
27,臨床病理科,"['1101020018', '1101100011', '401180014', '501110514', '1301200010', '601160016', '101090517', '1301170017', '401020013', '4501100021']"
28,職業醫學科,"['1101020018', '1101100011', '401180014', '501110514', '1301200010', '601160016', '101090517', '1101010021', '1301170017', '1101020027', '1501010010']"
29,口腔病理科,"['1101100011', '401180014', '501110514', '1301200010', '1101010012', '1301170017']"
30,中醫一般科,"['1101100011', '501110514', '1301200010', '601160016', '1101010012', '101090517', '1101160017', '1301170017', '1301110511', '701160518', '1401190039', '1401190011', '3801112026', '3801152539', '3801151818', '3801150393', '3801150339', '3801150348', '3801152486', '3801150491', '3801151836', '3801151952', '3801152600', '3801151612', '3801151827', '3801152468', '3801152422', '2101151037', '3801152404', '3801151667', '3801152182', '3801152075', '3801152397', '3801152235', '3801152557', '3801152548', '3801150188', '3801152100', '3801152093', '3801151916', '3801152477', '3801150044', '3801152342', '3801152593', '3801150455', '3801151694', '3801152244', '3801152333', '3801150179', '3801152511', '3801151845', '3801152628', '3801152495', '3801150508', '3801151649', '3801152431', '3801152459', '3801152388', '3801150384', '3801152002', '3801151890', '3801150446', '3801090801', '3801093562', '3801090356', '3801093688', '3801090267', '3801093179', '3801092681', '3801093197', '3801090392', '3801092994', '3801091040', '3801092976', '3801093660', '3801093508', '3801093606', '3801090463', '3801093455', '3801090098', '3801093008', '3801091344', '3801093517', '3801093124', '3801093231', '3801092761', '3801093295', '3801090187', '3801023720', '3801023766', '3801024496', '3801020890', '3801022269', '3801024576', '3801022116', '3801024218', '3801024521', '3801024450', '3801023828', '3801022849', '3801023668', '3801024263', '3801024441', '3801024558', '3801024352', '3801022787', '3801022705', '3801024003', '3801024601', '3801024398', '3801022607', '3801023293', '3801020532', '3801022492', '3801023659', '3801022072', '3801022796', '3801023846', '3801022750', '3801024058', '3801024585', '3801022821', '3801024432', '3801024512', '3801024227', '3801024147', '3801022367', '3801024129', '3801023542', '3801023113', '3801023042', '3801022803', '3801020934', '3801023480', '3801024192', '3801023499', '3801024567', '3801023266', '3801020274', '3801024469', '3801022330', '3801023604', '3801022134', '3801023613', '3801024594', '3801024254', '3801023686', '3801022885', '3801023944', '3801022143', '3801020050', '3801023560', '3801024503', '3801023962', '3801023202', '3801023908', '3801022410', '3801024012', '3801020158', '3801024067', '3801024370', '3801022161', '3801023015', '3801020694', '3801024094', '3801023926', '3801023079', '3801024389', '3801023033', '3801024138', '3801022438', '3801024405', '3801023999', '3801020078', '3801023426', '3801024281', '3801024101', '3801024361', '3801022969', '3801022036', '3801024236', '3801022978', '3801102315', '3801102566', '3801102744', '3801102762', '3801102002', '3801100688', '3801102780', '3801102584', '3801101514', '3801102502', '3801101283', '3801102833', '3801102771', '3801102557', '3801100884', '3801102726', '3801102753', '3801101274', '3801100393', '3801101381', '3801102173', '3801102075', '3801102717', '3801102691', '3801102664', '3801102182', '3801102235', '3801102548', '3801102431', '3801102575', '3801102146', '3801101345', '3801102708', '3801102539', '3801102128', '3801100526', '3801102824', '3801101354', '3801102637', '3801101416', '3801102404', '3801102735', '3801101961', '3801102137', '3801100713', '3801100722', '3801101210', '3801102262', '3801100866', '3801101498', '3801102299', '3801102619', '3801102388', '3801102815', '3801101505', '3801100017', '3801100053', '3801102440', '3801102806', '3801102333', '3801100848', '3801102842', '3801100679', '3801102459', '3801102155', '3801101201', '3801182135', '3801182939', '3801180042', '3801180293', '3801182671', '3801182788', '3801182822', '3801182582', '3801180346', '3801182948', '3801182288', '3801181870', '3801181914', '3801180480', '3801182920', '3801182831', '3801182359', '3801182153', '3801180499', '3801182733', '3801182573', '3801182804', '3801182224', '3801182911', '3801181852', '3801182797', '3801182215', '3801182895', '3801182420', '3801182322', '3801182742', '3801182840', '3801182706', '3801180695', '3801182108', '3801182475', '3801182484', '3801182331', '3801180604', '3801181898', '3801182386', '3801182868', '3801182760', '3801182064', '3801180551', '3801181889', '3801182626', '3801182877', '3801182126', '3801182724', '3801111725', '3801112062', '3801112106', '3801110086', '3801111609', '3801111403', '3801111672', '3801110288', '3801112071', '3801111903', '3801111681', '3801110200', '3801112008', '3801111921', '3801112080', '3801111841', '3801111510', '3801111798', '3801111850', '3801111930', '3801111663', '3801112035', '3801111716', '3801111994', '3801111985', '3801110102', '3801111967', '3801112099', '3801201868', '3801201313', '3801200254', '3801200076', '3801201546', '3801201644', '3801201706', '3801201788', '3801200094', '3801201895', '3801201779', '3801201840', '3801201886', '3801201877', '3801201402', '3801201617', '3801200183', '3801201859', '3801200165', '3801200236', '3801201582', '3801201671', '3801201920', '3801201804', '3801201555', '3801200192', '3801201822', '3801201760', '3801201475', '3801200030', '3801201448', '3801200068', '3801201911', '3801201500', '3801161903', '3801161672', '3801160184', '3801161663', '3801160077', '3801160273', '3801161510', '3801161734', '3801161958', '3801160102', '3801161547', '3801161556', '3801161930', '3801161896', '3801162008', '3801161476', '3801161716', '3801162017', '3801161887', '3801160317', '3801161583', '3801161654', '3801161565', '3801161467', '3801161850', '3801161976', '3801162026', '3801161789', '3801012272', '3801012174', '3801012674', '3801012049', '3801012030', '3801012496', '3801012549', '3801012138', '3801012601', '3801012567', '3801012405', '3801012512', '3801012610', '3801010287', '3801011748', '3801012249', '3801012094', '3801012656', '3801012398', '3801010090', '3801012647', '3801011855', '3801012638', '3801011926', '3801012530', '3801012236', '3801012594', '3801012101', '3801012478', '3801010394', '3801010518', '3801012629', '3801012325', '3801012389', '3801010054', '3801010205', '3801172960', '3801172095', '3801173010', '3801170322', '3801172193', '3801172933', '3801172737', '3801171945', '3801173029', '3801172666', '3801173038', '3801171927', '3801172719', '3801172700', '3801172648', '3801170064', '3801172059', '3801170082', '3801172497', '3801172362', '3801172835', '3801172880', '3801170279', '3801172148', '3801170644', '3801172844', '3801172988', '3801170162', '3801170171', '3801172693', '3801172460', '3801173001', '3801172808', '3801172764', '3801172433', '3801172979', '3801172862', '3801170733', '3801172817', '3801172602', '3801171829', '3801172906', '3801172504', '3801171918', '3801172344', '3801172120', '3801173065', '3801121301', '3801121169', '3801121258', '3801121221', '3801121310', '3801121276', '3801121230', '3801121212', '3801120028', '3801121285', '3801121249', '3801194224', '3801194591', '3801190388', '3801194484', '3801194635', '3801190511', '3801194108', '3801192515', '3801194313', '3801194368', '3801194331', '3801194457', '3801190048', '3801194573', '3801194466', '3801194493', '3801190039', '3801194582', '3801190057', '3801194322', '3801193987', '3801190440', '3801194617', '3801194082', '3801194608', '3801194064']"
31,放射線科,"['501110514', '1101010012', '1101160026', '1101010021', '501010019', '1101020036', '1101020027', '1301110511', '1501010010']"
32,病理科,"['501110514', '1101010012', '1101160026', '1101010021', '501010019', '4201090015', '4501020028', '4001020037', '4201020022']"
33,復形牙科,['1301170017']
34,家庭牙醫科,"['401020013', '1701110019']"
35,牙周病科,['1701110019']
36,復補綴牙科,['1701110019']
